{"cameraMode":{"drawMode":0,"name":"Shaded","section":"Shading Mode"},"sceneLighting":true,"audioPlay":false,"sceneViewState":{"showFog":true,"showMaterialUpdate":false,"showSkybox":true,"showFlares":true,"showImageEffects":true,"showParticleSystems":true},"in2DMode":false,"pivot":{"x":2.2592597007751467,"y":-5.761000633239746,"z":9.235000610351563},"rotation":{"x":-0.05127539858222008,"y":-0.024865929037332536,"z":0.0012880073627457023,"w":-0.9983898997306824},"size":96.44403076171875,"orthographic":false}