{"cameraMode":{"drawMode":0,"name":"Shaded","section":"Shading Mode"},"sceneLighting":true,"audioPlay":false,"sceneViewState":{"showFog":true,"showMaterialUpdate":false,"showSkybox":false,"showFlares":true,"showImageEffects":true,"showParticleSystems":true},"in2DMode":false,"pivot":{"x":0.27619075775146487,"y":0.33531665802001955,"z":-7.637240409851074},"rotation":{"x":-0.20760898292064668,"y":0.747486412525177,"z":-0.27269166707992556,"w":-0.5690628886222839},"size":17.808277130126954,"orthographic":false}