{"cameraMode":{"drawMode":0,"name":"Shaded","section":"Shading Mode"},"sceneLighting":false,"audioPlay":false,"sceneViewState":{"showFog":true,"showMaterialUpdate":false,"showSkybox":false,"showFlares":true,"showImageEffects":true,"showParticleSystems":true},"in2DMode":false,"pivot":{"x":6.539212703704834,"y":7.841466426849365,"z":35.66712951660156},"rotation":{"x":-0.17096880078315736,"y":0.6330035328865051,"z":-0.14607980847358704,"w":-0.7407879829406738},"size":183.28367614746095,"orthographic":false}