{"cameraMode":{"drawMode":0,"name":"Shaded","section":"Shading Mode"},"sceneLighting":true,"audioPlay":false,"sceneViewState":{"showFog":true,"showMaterialUpdate":false,"showSkybox":false,"showFlares":true,"showImageEffects":true,"showParticleSystems":true},"in2DMode":false,"pivot":{"x":6.24399471282959,"y":2.617000102996826,"z":-7.850495338439941},"rotation":{"x":-0.45806750655174258,"y":0.0005325940437614918,"z":-0.000272109784418717,"w":-0.8889328241348267},"size":36.983272552490237,"orthographic":false}