{"cameraMode":{"drawMode":0,"name":"Shaded","section":"Shading Mode"},"sceneLighting":false,"audioPlay":false,"sceneViewState":{"showFog":true,"showMaterialUpdate":false,"showSkybox":false,"showFlares":true,"showImageEffects":true,"showParticleSystems":true},"in2DMode":false,"pivot":{"x":7.742328643798828,"y":-4.099440097808838,"z":1.9234349727630616},"rotation":{"x":-0.23816557228565217,"y":0.17998266220092774,"z":-0.044984083622694018,"w":-0.9533611536026001},"size":7.061990261077881,"orthographic":false}