{"cameraMode":{"drawMode":0,"name":"Shaded","section":"Shading Mode"},"sceneLighting":false,"audioPlay":false,"sceneViewState":{"showFog":true,"showMaterialUpdate":false,"showSkybox":false,"showFlares":true,"showImageEffects":true,"showParticleSystems":true},"in2DMode":false,"pivot":{"x":6.913364410400391,"y":13.225560188293457,"z":-15.268977165222168},"rotation":{"x":-0.4323273301124573,"y":0.2565249502658844,"z":-0.1297837793827057,"w":-0.8546825051307678},"size":16.68155860900879,"orthographic":false}