{"cameraMode":{"drawMode":0,"name":"Shaded","section":"Shading Mode"},"sceneLighting":false,"audioPlay":false,"sceneViewState":{"showFog":true,"showMaterialUpdate":false,"showSkybox":false,"showFlares":true,"showImageEffects":true,"showParticleSystems":true},"in2DMode":false,"pivot":{"x":4.430691242218018,"y":4.817330837249756,"z":2.002629518508911},"rotation":{"x":-0.20886488258838654,"y":0.7462155222892761,"z":-0.2734980285167694,"w":-0.5698692202568054},"size":0.27591472864151,"orthographic":false}