{"cameraMode":{"drawMode":0,"name":"Shaded","section":"Shading Mode"},"sceneLighting":false,"audioPlay":false,"sceneViewState":{"showFog":true,"showMaterialUpdate":false,"showSkybox":false,"showFlares":true,"showImageEffects":true,"showParticleSystems":true},"in2DMode":false,"pivot":{"x":-12.028514862060547,"y":-10.221000671386719,"z":2.135382652282715},"rotation":{"x":-0.2726430594921112,"y":0.613943338394165,"z":-0.23871171474456788,"w":-0.7012811303138733},"size":36.42582702636719,"orthographic":false}