{"cameraMode":{"drawMode":0,"name":"Shaded","section":"Shading Mode"},"sceneLighting":true,"audioPlay":false,"sceneViewState":{"showFog":true,"showMaterialUpdate":false,"showSkybox":true,"showFlares":true,"showImageEffects":true,"showParticleSystems":true},"in2DMode":false,"pivot":{"x":2.6066808700561525,"y":10.121429443359375,"z":9.019731521606446},"rotation":{"x":-0.27566081285476687,"y":-0.01672924868762493,"z":0.0047945016995072369,"w":-0.9611276984214783},"size":9.073162078857422,"orthographic":false}