{"cameraMode":{"drawMode":0,"name":"Shaded","section":"Shading Mode"},"sceneLighting":true,"audioPlay":false,"sceneViewState":{"showFog":true,"showMaterialUpdate":false,"showSkybox":false,"showFlares":true,"showImageEffects":true,"showParticleSystems":true},"in2DMode":false,"pivot":{"x":6.24399471282959,"y":2.617000102996826,"z":-7.850495338439941},"rotation":{"x":-0.2589680254459381,"y":0.1619037240743637,"z":-0.04409846290946007,"w":-0.9512158632278442},"size":36.983272552490237,"orthographic":false}