{"cameraMode":{"drawMode":0,"name":"Shaded","section":"Shading Mode"},"sceneLighting":true,"audioPlay":false,"sceneViewState":{"showFog":true,"showMaterialUpdate":false,"showSkybox":false,"showFlares":true,"showImageEffects":true,"showParticleSystems":true},"in2DMode":false,"pivot":{"x":-0.4206252098083496,"y":1.7609901428222657,"z":0.036463260650634769},"rotation":{"x":-0.3082077205181122,"y":0.16498017311096192,"z":-0.054389093071222308,"w":-0.9353485703468323},"size":8.894010543823243,"orthographic":false}